origin,rank
https://www.amazon.com,1000
https://policies.google.com,1000
https://translate.google.com,1000
https://en.wikipedia.org,1000
https://wifi.palaunet.com,1000
https://www.scribd.com,1000
https://www.reddit.com,1000
https://beable.com,1000
https://wuyto.com,1000
https://www.windy.com,1000
https://www.espn.com,1000
https://pjhit.com,1000
https://www.yourbenefitaccount.com,1000
https://www.tripadvisor.com,1000
https://palautravel.pw,1000
https://faphouse4k.com,1000
https://gaiaflix.live,1000
https://www.nytimes.com,1000
https://meet.google.com,1000
https://audiobooksreview.com,1000
https://zub-tube.com,1000
https://www.philippineairlines.com,1000
https://nn125.com,1000
https://id.blooket.com,1000
https://support.google.com,1000
https://stripchat.com,1000
https://tekinged.com,1000
https://www.visualcapitalist.com,1000
https://breannabeauty.com,1000
https://www.blooket.com,1000
https://palaumoe.login.beable.com,1000
https://www.justwatch.com,1000
https://cdn.ak2yy.com,1000
https://f03f.com,1000
https://rxnvg.com,1000
https://republicofpalaupwpw.munisselfservice.com,1000
https://startwebtools.com,1000
https://ey43.com,1000
https://tabs.ultimate-guitar.com,1000
https://www.travelandtourworld.com,1000
https://www.forbes.com,1000
https://www.etsy.com,1000
https://www.palautravel.pw,1000
https://b7510.com,1000
https://calculator.apps.chrome,1000
https://www.ecoticias.com,1000
https://www.sspay01.com,1000
https://noodlemagazine.com,1000
https://pnccpalau.smarthub.coop,1000
https://accounts.spotify.com,1000
https://www.fanhub.com,1000
https://www.skyscanner.net,1000
https://www.threads.com,1000
https://www.ilovepdf.com,1000
https://support.microsoft.com,1000
https://coursiv.io,1000
https://www.mayoclinic.org,1000
https://www.boh.com,1000
https://webcamtoy.com,1000
https://support.apple.com,1000
https://walking.harnafit.com,1000
https://discord.com,1000
https://limi17.click,1000
https://m.shein.com,1000
https://www.instagram.com,1000
https://video.ijavhd.com,1000
https://play.blooket.com,1000
https://swipeyapp.com,1000
https://viiukuhe.com,1000
https://freedot.info,1000
https://iccku.com,1000
https://notebooklm.google.com,1000
https://guamedf.landing.cards,1000
https://surangel.com,1000
https://rule34video.com,1000
https://edu.google.com,1000
https://calec.china-airlines.com,1000
https://crmkt.livejasmin.com,1000
https://www.justanswer.com,1000
https://www.redtube.com,1000
https://www.palaugov.pw,1000
https://onlyfans.com,1000
https://www.spotify.com,1000
https://www.blacked.com,1000
https://search.yahoo.com,1000
https://9anime.me.uk,1000
https://flixtor.to,1000
https://ayhal.com,1000
https://classroom.google.com,1000
https://eefhd.com,1000
https://ih31.com,1000
https://www.quora.com,1000
https://stake.com,1000
https://my.clevelandclinic.org,1000
https://www.pornhat.com,1000
https://www.cbsnews.com,1000
https://www.pornhub.com,1000
https://edition.cnn.com,1000
https://kahoot.it,1000
https://www.cbr.com,1000
https://vww1.com,1000
https://fishingfrenzy.blooket.com,1000
https://amp.xnxx.com,1000
https://bef77.com,1000
https://1osb.com,1000
https://www.imdb.com,1000
https://fhvfd.com,1000
https://go.hds2012.com,1000
https://r-ms.com,1000
https://zone05-student.renaissance-go.com,1000
https://sp.beforward.jp,1000
https://www.myon.com,1000
https://www.xnxx.com,1000
https://www.xvideos.com,1000
https://www.youtube.com,1000
https://www.recipetineats.com,1000
https://des-portal.china-airlines.com,1000
https://chatgpt.com,1000
https://chaturbate.com,1000
https://bible.usccb.org,1000
https://www.bing.com,1000
https://jicalpalau.pages.dev,1000
https://x6y2.com,1000
https://www.biblegateway.com,1000
https://www.asctrust.com,1000
https://xgroovy.com,1000
https://tgp1.brazzersnetwork.com,1000
https://alzom.com,1000
https://www.timeanddate.com,1000
https://www.palauppr.com,1000
https://www.google.co.id,1000
https://k3zma.th4wm3ltn1ght.top,1000
https://www.agoda.com,1000
https://bankofguam.com,1000
https://www.britannica.com,1000
https://candy.ai,1000
https://try.takeprofittrader.com,1000
https://canvas.apps.chrome,1000
https://www.msn.com,1000
https://photos.google.com,1000
https://cdn.yxrcr.com,1000
https://xhamster1.desi,1000
https://gemini.google.com,1000
https://business.google.com,1000
https://www.usatoday.com,1000
https://www.pnccpalau.com,1000
https://xhopen.com,1000
https://www.aol.com,1000
https://www.qantas.com,1000
https://sliwn.com,1000
https://play.google.com,1000
https://www.acelink03.com,1000
https://82ren.com,1000
https://www.usps.com,1000
https://bankpacific.com,1000
https://choice-path.com,1000
https://www.palaulaw.gov.pw,1000
https://signin.ebay.com,1000
https://github.com,1000
https://wayground.com,1000
https://flights.philippineairlines.com,1000
https://bcbp.pw,1000
https://note.com,1000
https://stories.nba.com,1000
https://m.soundcloud.com,1000
https://www.whatsapp.com,1000
https://www.dailymotion.com,1000
https://sports.yahoo.com,1000
https://xhamster19.com,1000
https://hotgames.io,1000
https://sso.sss.gov.ph,1000
https://login.yahoo.com,1000
https://eo-ai.com,1000
https://yluxsardinia.it,1000
https://onlineservices.dmw.gov.ph,1000
https://aniwaves.ru,1000
https://spankbang.com,1000
https://www.lazada.com.ph,1000
https://xnxx.health,1000
https://mypage.beforward.jp,1000
https://www.myinstants.com,1000
https://xhamster.desi,1000
https://ko-vu.com,1000
https://ja.wikipedia.org,1000
https://www.curriculumassociates.com,1000
https://secure.online.boh.com,1000
https://claude.ai,1000
https://t4-a.com,1000
https://bboy1.com,1000
https://beeg.com,1000
https://screenrant.com,1000
https://frhiys.com,1000
http://www.qwdgerurwhsd.pics,1000
https://yt2mp3.sc,1000
https://www.palau.emb-japan.go.jp,1000
https://moviebox.ph,1000
https://bookingportal.china-airlines.com,1000
https://6tip.com,1000
https://80xy.com,1000
https://s8ey.com,1000
https://auth.renaissance.com,1000
https://tukrd.com,1000
https://www.aznude.com,1000
https://global-zone05.renaissance-go.com,1000
https://xhamster.com,1000
https://www.youjizz.com,1000
https://www.eporner.com,1000
https://mail.google.com,1000
https://cdn.pla3.com,1000
https://cdn.aucey.com,1000
https://passwords.google.com,1000
https://x6y1.com,1000
https://www.accuweather.com,1000
https://www.primevideo.com,1000
https://linktr.ee,1000
https://www.united.com,1000
https://www.beforward.jp,1000
https://my.ptwaves.com,1000
https://one.google.com,1000
https://www.ppuc.com,1000
https://cdn.33apk.com,1000
https://www.linkedin.com,1000
https://m.gsmarena.com,1000
https://booking.philippineairlines.com,1000
https://www.ezcardinfo.com,1000
https://anikai.to,1000
https://palaucourts.gov.pw,1000
https://2hhgg.com,1000
https://www.tnaflix.com,1000
https://www.netflix.com,1000
https://accounts.google.com,1000
https://open.spotify.com,1000
https://www.facebook.com,1000
https://etravel.gov.ph,1000
https://www.shutterstock.com,1000
https://www.cebupacificair.com,1000
https://mail.yahoo.com,1000
https://workspace.google.com,1000
https://drive.google.com,1000
https://nofeu.com,1000
https://eatcells.com,1000
https://chromewebstore.google.com,1000
https://online.bankpacific.com,1000
https://cashier.paygrid.world,1000
https://docs.google.com,1000
https://www.yahoo.com,1000
https://tools.usps.com,1000
https://www.palau-airport.com,1000
https://reverselookup.com,1000
https://www.flightradar24.com,1000
https://member.sss.gov.ph,1000
https://shopee.ph,1000
https://online.bankofguam.com,1000
https://www.roblox.com,1000
https://www.ospo.noaa.gov,1000
https://www.theguardian.com,1000
https://www.expedia.com,1000
https://www.tideschart.com,1000
https://3jjhh.com,1000
https://rm358.com,1000
https://studio.youtube.com,1000
https://amp.xhamster.com,1000
https://zoom.earth,1000
https://info.xvideos.net,1000
https://www.booking.com,1000
https://www.carssaipan.com,1000
https://amp.xvideos.com,1000
https://pmc.ncbi.nlm.nih.gov,1000
https://www.ebay.com,1000
https://www.forexpeacearmy.com,1000
https://www.trip.com,1000
https://sites.google.com,1000
https://parade.com,1000
https://m.economictimes.com,1000
https://www.guampdn.com,1000
https://www.xxx.com,1000
https://www.ndtv.com,1000
https://www.ecer.com,1000
https://news.yahoo.co.jp,1000
https://eroarcade.com,1000
https://www.crazygames.com,1000
https://pcc.palau.edu,1000
https://www.canva.com,1000
https://modal.golzu.com,1000
https://www.google.de,1000
https://www.allrecipes.com,1000
https://www.microsoft.com,1000
https://static.adsupplyadshost.com,1000
https://store.steampowered.com,1000
https://calendar.google.com,1000
https://panlasangpinoy.com,1000
https://www.merriam-webster.com,1000
https://account.live.com,1000
https://www.businessinsider.com,1000
https://2dgg.com,1000
https://m.youtube.com,1000
https://yzwtz.com,1000
https://www.bbc.com,1000
https://limi16.click,1000
https://jup9.com,1000
https://gds.google.com,1000
https://goldquest.blooket.com,1000
https://rak8s.com,1000
https://cryptohack.blooket.com,1000
https://mks98.com,1000
https://1adr.com,1000
https://cdn.aabdw.com,1000
https://aeconnect.adventisteducation.org,1000
https://fast.com,1000
https://cdn.gfpxw.com,1000
https://www.ixxx.com,1000
https://genius.com,1000
https://www.alibaba.com,1000
https://enshrouded.com,1000
https://streamex.sh,1000
https://xxxbp.tv,1000
https://www.carsguam.com,1000
https://ww8.123moviesfree.net,1000
https://www.tiktok.com,1000
https://myaccount.google.com,1000
https://m.facebook.com,1000
https://omg10.com,1000
https://theporndude.com,1000
https://myactivity.google.com,1000
https://www.reuters.com,1000
https://www.pinterest.com,1000
https://www.youporn.com,1000
https://tw.news.yahoo.com,1000
https://apps.apple.com,1000
https://fra.xhamster.com,1000
https://www.china-airlines.com,1000
https://dri3d.com,1000
https://brazzerssurvey.com,1000
https://hai8g.com,1000
https://best.aliexpress.com,1000
https://www.indeed.com,1000
https://tradingarenahq.com,1000
https://pristineparadisepalau.com,1000
https://www.weather.gov,1000
https://earth.google.com,1000
https://portal.hanseatic-inspiration.com,1000
https://www.paypal.com,1000
https://hi.tilesremedy.qpon,1000
https://netfilm.world,1000
https://thisromance.com,1000
https://poki.com,1000
https://www.apple.com,1000
https://www.abc.net.au,1000
https://ppuc.able-soft.com:10137,1000
https://xhamsterlive.com,1000
https://bustsniffwired.com,1000
https://rule34.xxx,1000
https://www.adobe.com,1000
https://www.nba.com,1000
https://islandtimes.org,1000
https://x.com,1000
https://use.ai,1000
https://www.calculator.net,1000
https://www.healthline.com,1000
https://login.beable.com,1000
https://www.tide-forecast.com,1000
https://www.6pm.com,1000
https://www.aliexpress.com,1000
https://soundcloud.com,1000
https://zoom.us,1000
https://timesofindia.indiatimes.com,1000
https://people.com,1000
https://wise.com,1000
https://www.lottopcso.com,1000
https://about.google,1000
https://www.dropbox.com,1000
https://0lin.com,1000
https://drive.usercontent.google.com,1000
https://gusfe.com,1000
https://www.workabroad.ph,1000
https://amp.xnxx.tv,1000
https://www.flightaware.com,1000
https://bankofguam.my.site.com,1000
https://web.whatsapp.com,1000
https://www.messenger.com,1000
https://www.walmart.com,1000
https://www.samsung.com,1000
https://www.amazon.co.jp,1000
https://www.getyourguide.com,1000
https://zh.wikipedia.org,1000
https://t.me,1000
https://de.pornhub.org,1000
https://weather.com,1000
https://frs2c.com,1000
https://simple.life,1000
https://meetheage.com,1000
https://xhaccess.com,1000
https://medium.com,1000
https://cashier.bizmoto-pay.com,1000
https://www.bilibili.tv,1000
https://rcdn-web.com,1000
https://indiandefencereview.com,1000
https://44ye.com,1000
https://jcphi.com,1000
https://launch.assessment-primary.renaissance.com,1000
https://crn77.com,1000
https://www.erome.com,1000
https://www.google.com,1000
https://faphouse.com,1000
https://login.i-ready.com,1000
