continent,country,website
Asia,Japan,https://s.mogg.ameba.jp
Asia,Japan,https://ad-contents.jp
Asia,Japan,https://beauty.hotpepper.jp
Asia,Japan,https://sp.jra.jp
Asia,Japan,https://sp.mbga.jp
Asia,Japan,https://nouen.sp.mbga.jp
Asia,Japan,https://keirin.jp
Asia,Japan,https://tenki.jp
Asia,Japan,https://trilltrill.jp
Asia,Japan,https://gamewith.jp
Asia,Japan,https://mechacomic.jp
Asia,Japan,https://ameblo.jp
Asia,Japan,https://kakuyomu.jp
Asia,Japan,https://game8.jp
Asia,Japan,https://ecnavi.jp
Asia,Japan,https://www.cmoa.jp
Asia,Japan,https://rx.sp.mbga.jp
Asia,Japan,https://gcc.sp.mbga.jp
Asia,Japan,https://suumo.jp
Asia,Japan,https://weathernews.jp
Asia,Japan,https://gstn.bkrs2.syapp.jp
Asia,Japan,https://my.keirin.kdreams.jp
Asia,Japan,https://www.47news.jp
Asia,Japan,https://www.navima.jp
Asia,Japan,https://hlo.tohotheater.jp
Asia,Japan,http://spc.sp.mbga.jp
Asia,Japan,https://pcmax.jp
Asia,Japan,https://qvc.jp
Asia,Japan,https://member.studying.jp
Asia,Japan,https://www.shopch.jp
Asia,Japan,https://just-smilenext.jp
Asia,Japan,https://www.nicovideo.jp
Asia,Japan,https://www.life-n.jp
Asia,Japan,https://workman.jp
Asia,Japan,https://yanmaga.jp
Asia,Japan,https://news.mynavi.jp
Asia,Japan,https://estama.jp
Asia,Japan,https://fujoho.jp
Asia,Japan,https://www.unitedcinemas.jp
Asia,Japan,https://mainichi.jp
Asia,Japan,https://www.warau.jp
Asia,Japan,https://www.huffingtonpost.jp
Asia,Japan,https://championcross.jp
Asia,Japan,https://fantia.jp
Asia,Japan,https://my.healmate.jp
Asia,Japan,https://vcard.ameba.jp
Asia,Japan,https://pex.jp
Asia,Japan,https://m.qoo10.jp
Asia,Japan,https://point-news.jp
Asia,Japan,https://vmall-sp.dropgame.jp
Asia,Japan,https://kuruma-news.jp
Asia,Japan,https://article.auone.jp
Asia,Japan,https://kt.sp.mbga.jp
Asia,Japan,https://play.ponta.jp
Asia,Japan,https://jra.jp
Asia,Japan,https://tumadouga.jp
Asia,Japan,https://portal.auone.jp
Asia,Japan,https://trafficnews.jp
Asia,Japan,https://plus-msg.auone.jp
Asia,Japan,https://grapee.jp
Asia,Japan,https://research-panel.jp
Asia,Japan,https://ponta-sp.dropgame.jp
Asia,Japan,https://famikura-store.jp
Asia,Japan,https://kamigame.jp
Asia,Japan,https://comic.k-manga.jp
Asia,Japan,https://1geki.jp
Asia,Japan,https://sp.pokepara.jp
Asia,Japan,https://a001.sengokuixa.jp
Asia,Japan,https://ssl.jobcan.jp
Asia,Japan,https://bookpass.auone.jp
Asia,Japan,https://www.hotpepper.jp
Asia,Japan,https://tgarden.gree.jp
Asia,Japan,https://booklive.jp
Asia,Japan,https://tuma.jp
Asia,Japan,https://mdpr.jp
Asia,Japan,https://president.jp
Asia,Japan,https://a009.sengokuixa.jp
Asia,Japan,https://service.officestation.jp
Asia,Japan,https://www.takarakuji-official.jp
Asia,Japan,https://bunshun.jp
Asia,Japan,https://appmedia.jp
Asia,Japan,https://www.ani-lab.jp
Asia,Japan,https://web.familyclub.jp
Asia,Japan,https://www.trepy.jp
Asia,Japan,https://mamastar.jp
Asia,Japan,https://www.palcloset.jp
Asia,Japan,https://tantora.jp
Asia,Japan,https://select.mamastar.jp
Asia,Japan,https://toyota.jp
Asia,Japan,https://prtimes.jp
Asia,Japan,https://wikiwiki.jp
Asia,Japan,https://www.fnn.jp
Asia,Japan,https://kabutan.jp
Asia,Japan,https://pc.moppy.jp
Asia,Japan,https://keirin.kdreams.jp
Asia,Japan,https://t.pia.jp
Asia,Japan,https://www.nhk.jp
Asia,Japan,https://smart.keibalab.jp
Asia,Japan,https://sngk.sp.mbga.jp
Asia,Japan,https://yama96.jp
Asia,China,https://bigmodel.cn
Asia,China,https://accounts.feishu.cn
Asia,China,https://www.visaforchina.cn
Asia,China,https://www.codebuddy.cn
Asia,China,https://coach.haoyueke.cn
Asia,China,https://my.feishu.cn
Asia,China,https://www.tapd.cn
Asia,China,https://crm.xiaoman.cn
Asia,China,https://mi.feishu.cn
Asia,China,https://open.feishu.cn
Asia,China,https://www.sina.cn
Asia,China,https://www.itdog.cn
Asia,China,https://m.yuyantv.cn
Asia,China,https://www.mcmod.cn
Asia,China,https://project.feishu.cn
Asia,China,https://2fa.cn
Asia,China,https://www.dm5.cn
Asia,China,https://bio.visaforchina.cn
Asia,China,https://juejin.cn
Asia,China,https://www.runninghub.cn
Asia,China,https://www.guancha.cn
Asia,China,https://www.wjx.cn
Asia,China,https://moonton.feishu.cn
Asia,China,https://picwish.cn
Asia,China,https://www.tgb.cn
Asia,China,https://tju.at0086.cn
Asia,China,https://m.gushiwen.cn
Asia,China,https://a.4399.cn
Asia,China,https://services.shen88.cn
Asia,China,https://swanlab.cn
Asia,China,https://bbs.colg.cn
Asia,China,https://mi-p.feishu.cn
Asia,China,https://www.52pojie.cn
Asia,China,https://oms2.yunexpress.cn
Asia,China,https://csca.cn
Asia,China,https://ww2.mathworks.cn
Asia,China,https://transsioner.feishu.cn
Asia,China,https://iq.feishu.cn
Asia,China,https://maimai.cn
Asia,China,https://www.archdaily.cn
Asia,China,https://d4.blizzard.cn
Asia,China,https://search.mcmod.cn
Asia,China,https://arashivision.feishu.cn
Asia,China,https://www.om.cn
Asia,China,https://metaso.cn
Asia,China,https://www.jisilu.cn
Asia,China,https://co.gocheck.cn
Asia,China,https://li.feishu.cn
Asia,China,https://www.xtransfer.cn
Asia,China,https://tencent.sso.codebuddy.cn
Asia,China,https://mxd.dvg.cn
Asia,China,https://www.dedao.cn
Asia,China,https://weibo.cn
Asia,China,https://www.limestart.cn
Asia,China,https://anker-in.feishu.cn
Asia,China,https://ip.cn
Asia,China,https://xiaopeng.feishu.cn
Asia,China,https://s.apifox.cn
Asia,China,https://ip111.cn
Asia,China,http://www.talktalktalk.cn
Asia,China,https://www.bt.cn
Asia,China,https://www.yuekebao.cn
Asia,China,https://papergames.feishu.cn
Asia,China,http://tplogin.cn
Asia,China,https://ow.blizzard.cn
Asia,China,https://sina.cn
Asia,China,https://kyfw.12306.cn
Asia,China,https://www.dongmanmanhua.cn
Asia,China,https://www.cls.cn
Asia,China,https://data.zhiyitech.cn
Asia,China,https://wepie.feishu.cn
Asia,China,https://www.paypal.cn
Asia,China,https://jtexpress.feishu.cn
Asia,China,http://www.lakawonfzy.cn
Asia,China,https://cj.sina.cn
Asia,China,https://a.9game.cn
Asia,China,https://www.nvidia.cn
Asia,China,https://account.siliconflow.cn
Asia,China,https://sputniknews.cn
Asia,China,https://www.news.cn
Asia,China,https://cloud.siliconflow.cn
Asia,China,https://account.wps.cn
Asia,China,https://zh.kcwiki.cn
Asia,China,http://www.lakawon.cn
Asia,China,https://www.capcut.cn
Asia,China,https://chn.lottedfs.cn
Asia,China,https://littleskin.cn
Asia,China,https://www.google.cn
Asia,China,https://www.ikea.cn
Asia,China,https://ent.sina.cn
Asia,China,https://www.bandbbs.cn
Asia,China,https://www.designkit.cn
Asia,China,https://futu.feishu.cn
Asia,China,https://www.speedtest.cn
Asia,China,http://www.lakawonzmy.cn
Asia,China,https://poizon.feishu.cn
Asia,China,https://localads.chengzijianzhan.cn
Asia,China,https://user.guancha.cn
Asia,China,https://mah2eds8ab.feishu.cn
Asia,China,https://search.ickey.cn
Asia,India,https://sellercentral.amazon.in
Asia,India,https://www.goodreturns.in
Asia,India,https://lotterysambadresult.in
Asia,India,https://www.aajtak.in
Asia,India,https://econnect.bpcl.in
Asia,India,https://www.screener.in
Asia,India,https://game.playarenax.in
Asia,India,https://allyonoapp.in
Asia,India,https://sscresult.mahahsscboard.in
Asia,India,https://www.tripadvisor.in
Asia,India,https://www.sheinindia.in
Asia,India,https://betswiz.in
Asia,India,https://www.reliancedigital.in
Asia,India,https://www.decathlon.in
Asia,India,https://mkedit.in
Asia,India,https://groww.in
Asia,India,https://dear-lottery.in
Asia,India,https://www.indiatoday.in
Asia,India,https://sederp.educationportal3.in
Asia,India,https://onlineservices.proteantech.in
Asia,India,https://mahafyjcadmissions.in
Asia,India,https://gfms.educationportal3.in
Asia,India,https://www.bajajfinserv.in
Asia,India,https://www.allahabadhighcourt.in
Asia,India,https://majhinaukri.in
Asia,India,https://www.shopsy.in
Asia,India,https://www.airtel.in
Asia,India,https://sattakingy.in
Asia,India,https://www.desipussy.in
Asia,India,https://deodap.in
Asia,India,https://www.govtschemes.in
Asia,India,https://www.showpm.in
Asia,India,https://www.livescore.in
Asia,India,https://linkmake.in
Asia,India,https://www.railyatri.in
Asia,India,https://www.callbomberz.in
Asia,India,https://www.apollopharmacy.in
Asia,India,https://www.libas.in
Asia,India,https://mmua.in
Asia,India,https://www.district.in
Asia,India,https://www.learncbse.in
Asia,India,https://www.cashify.in
Asia,India,https://kredito24.in
Asia,India,https://kolkataff.in
Asia,India,https://ndtv.in
Asia,India,https://www.nobroker.in
Asia,India,https://levi.in
Asia,India,https://shillongteergrounds.in
Asia,India,https://ksrtc.in
Asia,India,https://ipit.in
Asia,India,https://ibpsreg.ibps.in
Asia,India,https://1ex99.in
Asia,India,https://www.careerpower.in
Asia,India,https://tnelections2026.in
Asia,India,https://brainly.in
Asia,India,https://www.valmo.in
Asia,India,https://indiahood.in
Asia,India,https://www.southbook.in
Asia,India,https://licindia.in
Asia,India,https://www.reneecosmetics.in
Asia,India,https://pharmeasy.in
Asia,India,https://4bets.in
Asia,India,https://porter.in
Asia,India,https://callbomber.in
Asia,India,https://matka420.in
Asia,India,https://www.flashscore.in
Asia,India,https://www.mxplayer.in
Asia,India,https://www.tnstc.in
Asia,India,https://prernaup.in
Asia,India,https://www.indiatv.in
Asia,India,https://www.jockey.in
Asia,India,https://4rapwahere.in
Asia,India,https://cleartax.in
Asia,India,https://www.foundit.in
Asia,India,https://kpkbmha.in
Asia,India,https://www.gettyimages.in
Asia,India,https://bsf365.in
Asia,India,https://nagalandstatelottery.in
Asia,India,https://nikshay.in
Asia,India,https://www.angelone.in
Asia,India,https://www.pddrc.in
Asia,India,https://kzhonl.ocbnyutpfwjs.in
Asia,India,https://www.starhealth.in
Asia,India,https://www.fixresult.in
Asia,India,https://www.boyfriendtv.in
Asia,India,https://www.epicsports.in
Asia,India,https://www.onlineservices.proteantech.in
Asia,India,https://zapvi.in
Asia,India,https://y99.in
Asia,India,https://ebiz.licindia.in
Asia,India,https://identity.lokos.in
Asia,India,https://mahahsscboard.in
Asia,India,https://www.canva.in
Asia,India,https://fulltimestore.in
Asia,India,https://www.trschooms.in
Asia,India,https://game.nextlevlplay.in
Asia,India,https://cbcs19.uuems.in
Asia,India,https://uspoloassn.in
Asia,India,https://pay.swiftcloud.in
Asia,India,https://foujiadda.in
Asia,South Korea,https://www.gov.kr
Asia,South Korea,https://soccerline.kr
Asia,South Korea,https://mania.kr
Asia,South Korea,https://m.fomos.kr
Asia,South Korea,https://orbi.kr
Asia,South Korea,https://m.soltice.kr
Asia,South Korea,https://etk.srail.kr
Asia,South Korea,https://everytime.kr
Asia,South Korea,https://wepoll.kr
Asia,South Korea,https://plus.gov.kr
Asia,South Korea,https://www.heye.kr
Asia,South Korea,https://www.fomos.kr
Asia,South Korea,https://zigzag.kr
Asia,South Korea,https://health.kr
Asia,South Korea,https://www.bydauto.kr
Asia,South Korea,https://kosis.kr
Asia,South Korea,https://www.gseek.kr
Asia,South Korea,https://www.riss.kr
Asia,South Korea,https://incheonation.kr
Asia,South Korea,https://senedu.kr
Asia,South Korea,https://www.thelec.kr
Asia,South Korea,https://www.afteredu.kr
Asia,South Korea,https://bugnet.kr
Asia,South Korea,https://mashop.kr
Asia,South Korea,https://www.tokenpost.kr
Asia,South Korea,https://www.suseong.kr
Asia,South Korea,https://codeup.kr
Asia,South Korea,https://www.toctocmath.kr
Asia,South Korea,https://nbt.plam.kr
Asia,South Korea,https://www.cdec.kr
Asia,South Korea,https://canee.kr
Asia,South Korea,https://m.adiga.kr
Asia,South Korea,https://mapledb.kr
Asia,South Korea,https://www.airport.kr
Asia,South Korea,https://newstopic.kr
Asia,South Korea,https://shoppinglogin.kr
Asia,South Korea,https://lopec.kr
Asia,South Korea,https://muko.kr
Asia,South Korea,https://kids.gov.kr
Asia,South Korea,https://fms.friendsscreen.kr
Asia,South Korea,https://school.jbedu.kr
Asia,South Korea,https://www.greencomics.kr
Asia,South Korea,https://www.dailyplus.kr
Asia,South Korea,https://dbsense.kr
Asia,South Korea,https://www.dataedupt.kr
Asia,South Korea,https://meeco.kr
Asia,South Korea,https://www.greened.kr
Asia,South Korea,https://m.sazo.kr
Asia,South Korea,https://hanmin.riroschool.kr
Asia,South Korea,https://piev.kr
Asia,South Korea,https://alpha-campus.kr
Asia,South Korea,https://lbox.kr
Asia,South Korea,https://miso.kr
Asia,South Korea,https://arpure.kr
Asia,South Korea,https://woori09.kr
Asia,South Korea,https://choigane.kr
Asia,South Korea,https://app.wadiz.kr
Asia,South Korea,http://aquaf.ssz.kr:8888
Asia,South Korea,https://www.univ100.kr
Asia,South Korea,https://www.keli.kr
Asia,South Korea,https://4989shop.kr
Asia,South Korea,https://www.peoplepowerparty.kr
Asia,South Korea,https://www.safetykorea.kr
Asia,South Korea,https://www.epais.kr
Asia,South Korea,https://bpm.geoweb.kr
Asia,South Korea,https://mail.korea.kr
Asia,South Korea,https://9720.kr
Asia,South Korea,https://www.goedu.kr
Asia,South Korea,https://parsell.kr
Asia,South Korea,https://medi-hub.kr
Asia,South Korea,https://ragmaya.kr
Asia,South Korea,https://m.byn.kr
Asia,South Korea,https://dailylook.kr
Asia,South Korea,https://evape.kr
Asia,South Korea,https://busandong100.kr
Asia,South Korea,https://paymap.delipay.kr
Asia,South Korea,https://essl.kr
Asia,South Korea,https://pillgram.kr
Asia,South Korea,https://m.anua.kr
Asia,South Korea,https://carmore.kr
Asia,South Korea,https://autumnshop.kr
Asia,South Korea,https://sinsangmarket.kr
Asia,South Korea,https://cbtbank.kr
Asia,South Korea,https://ad.goodchoice.kr
Asia,South Korea,https://maecheon.riroschool.kr
Asia,South Korea,https://swlearn.gseek.kr
Asia,South Korea,https://aptcare.kr
Asia,South Korea,https://duskrack.kr
Asia,South Korea,https://indieground.kr
Asia,South Korea,https://www.adlog.kr
Asia,South Korea,https://partner.goodchoice.kr
Asia,South Korea,https://dw.paybell.kr
Asia,South Korea,https://hairrhythm.kr
Asia,South Korea,https://dentipla.kr
Asia,South Korea,http://com.ezro.kr
Asia,South Korea,https://leadgeny.kr
Asia,South Korea,https://newbt.kr
Asia,South Korea,https://seonggwang.riroschool.kr
Asia,South Korea,https://www.kcmes.kr
Asia,South Korea,https://www.passone.kr
Asia,Singapore,https://www.mewatch.sg
Asia,Singapore,https://www.locanto.sg
Asia,Singapore,https://www.carousell.sg
Asia,Singapore,https://s.shopee.sg
Asia,Singapore,https://www.stomp.sg
Asia,Singapore,https://auth.mediacorp.sg
Asia,Singapore,https://www.lazada.sg
Asia,Singapore,https://mothership.sg
Asia,Singapore,https://seithi.mediacorp.sg
Asia,Singapore,https://sellercenter.lazada.sg
Asia,Singapore,https://www.glassdoor.sg
Asia,Singapore,https://shop.garena.sg
Asia,Singapore,https://www.8days.sg
Asia,Singapore,https://www.foodpanda.sg
Asia,Singapore,https://shaw.sg
Asia,Singapore,https://www.fastjobs.sg
Asia,Singapore,https://eatbook.sg
Asia,Singapore,https://www.bkcoupons.sg
Asia,Singapore,https://www.fitinpart.sg
Asia,Singapore,https://www.stclassifieds.sg
Asia,Singapore,https://simba.sg
Asia,Singapore,https://filmhouse.sg
Asia,Singapore,https://online.challenger.sg
Asia,Singapore,https://www.moneysmart.sg
Asia,Singapore,https://employer.fastjobs.sg
Asia,Singapore,https://dollarsandsense.sg
Asia,Singapore,https://citytours.sg
Asia,Singapore,https://urbanmood.sg
Asia,Singapore,https://www.healthhub.sg
Asia,Singapore,https://prismplus.sg
Asia,Singapore,https://lovet.sg
Asia,Singapore,https://tms.bells.sg
Asia,Singapore,https://www.smiggle.sg
Asia,Singapore,https://www.fnp.sg
Asia,Singapore,https://zero1.sg
Asia,Singapore,https://watchexchange.sg
Asia,Singapore,https://pages.lazada.sg
Asia,Singapore,https://aikchinhin.sg
Asia,Singapore,https://www.marksandspencer.sg
Asia,Singapore,https://www.livenation.sg
Asia,Singapore,https://www.beritaharian.sg
Asia,Singapore,https://www.lenskart.sg
Asia,Singapore,https://my.lazada.sg
Asia,Singapore,https://www.1p.sg
Asia,Singapore,https://compasia.sg
Asia,Singapore,https://www.nationalgallery.sg
Asia,Singapore,https://www.malloy.sg
Asia,Singapore,https://survey.fairpricegroup.sg
Asia,Singapore,https://www.uparcel.sg
Asia,Singapore,https://shop.abp.sg
Asia,Singapore,https://gateway.csc.sg
Asia,Singapore,https://www.elitigation.sg
Asia,Singapore,https://www.speedtest.sg
Asia,Singapore,https://m.88vv.sg
Asia,Singapore,https://www.dividends.sg
Asia,Singapore,https://mortgage.redbrick.sg
Asia,Singapore,https://theindependent.sg
Asia,Singapore,https://www.kitchenexpress.sg
Asia,Singapore,https://www.disney.sg
Asia,Singapore,https://gothere.sg
Asia,Singapore,https://www.edgeprop.sg
Asia,Singapore,https://salaamnetworks.sg
Asia,Singapore,https://www.gomo.sg
Asia,Singapore,https://www.eplexus.sg
Asia,Singapore,https://kod.sg
Asia,Singapore,https://spx.sg
Asia,Singapore,https://www.foodline.sg
Asia,Singapore,https://www.jtexpress.sg
Asia,Singapore,https://www.tal.sg
Asia,Singapore,https://www.fortytwo.sg
Asia,Singapore,https://www.next.sg
Asia,Singapore,https://sellercentral.amazon.sg
Asia,Singapore,https://www.eventbrite.sg
Asia,Singapore,https://vario.sg
Asia,Singapore,https://potico.sg
Asia,Singapore,https://vms.mpolis.sg
Asia,Singapore,https://v2.streameast.sg
Asia,Singapore,https://www.mediacorp.sg
Asia,Singapore,https://www.safra.sg
Asia,Singapore,https://www.simba.sg
Asia,Singapore,https://www.lac.sg
Asia,Singapore,https://www.lpm.sg
Asia,Singapore,https://defencepioneer.sg
Asia,Singapore,https://www.motorist.sg
Asia,Singapore,https://sifa.sg
Asia,Singapore,https://coursemology.sg
Asia,Singapore,https://jiji.sg
Asia,Singapore,https://www.sephora.sg
Asia,Singapore,https://bookmyshow.sg
Asia,Singapore,https://www.foundit.sg
Asia,Singapore,https://cs.shopee.sg
Asia,Singapore,https://cart.lazada.sg
Asia,Singapore,https://saltandlight.sg
Asia,Singapore,https://berita.mediacorp.sg
Asia,Singapore,https://byd.1826.sg
Asia,Singapore,https://www.redbus.sg
Asia,Singapore,https://for.sg
Asia,Singapore,https://comfy.sg
Asia,Singapore,https://support.simba.sg
Asia,Singapore,https://portal.nehr.sg
Asia,Thailand,https://www.ais.th
Asia,Thailand,https://www.true.th
Asia,Thailand,https://package.true.th
Asia,Thailand,https://kumooc.ku.th
Asia,Thailand,https://aispoints.ais.th
Asia,Thailand,https://www.binance.th
Asia,Thailand,https://store.true.th
Asia,Thailand,https://lex.th
Asia,Thailand,https://gomo.th
Asia,Thailand,https://channel.ais.th
Asia,Thailand,https://business.true.th
Asia,Thailand,https://gamingnation.true.th
Asia,Thailand,https://accounts.binance.th
Asia,Thailand,https://askaunjai.cloud.ais.th
Asia,United Arab Emirates,https://sellercentral.amazon.ae
Asia,United Arab Emirates,https://www.albayan.ae
Asia,United Arab Emirates,https://www.eand.ae
Asia,United Arab Emirates,https://aigames.ae
Asia,United Arab Emirates,https://watchwrestling.ae
Asia,United Arab Emirates,https://ids.uaepass.ae
Asia,United Arab Emirates,https://www.skyscanner.ae
Asia,United Arab Emirates,https://themafia.ae
Asia,United Arab Emirates,https://www.eclaimlink.ae
Asia,United Arab Emirates,https://www.propertyfinder.ae
Asia,United Arab Emirates,https://apps.eclaimlink.ae
Asia,United Arab Emirates,https://www.alkhaleej.ae
Asia,United Arab Emirates,https://ums.rta.ae
Asia,United Arab Emirates,https://shop.du.ae
Asia,United Arab Emirates,https://ae98.tribalwars.ae
Asia,United Arab Emirates,https://app.eexchange.ae
Asia,United Arab Emirates,https://www.gettyimages.ae
Asia,United Arab Emirates,https://competitii.ae
Asia,United Arab Emirates,https://aes1.tribalwars.ae
Asia,United Arab Emirates,https://emexdwc.ae
Asia,United Arab Emirates,https://www.adidas.ae
Asia,United Arab Emirates,https://istyle.ae
Asia,United Arab Emirates,https://www.cleartrip.ae
Asia,United Arab Emirates,https://www.du.ae
Asia,United Arab Emirates,https://www.mariab.ae
Asia,United Arab Emirates,https://www.desertcart.ae
Asia,United Arab Emirates,https://www.nike.ae
Asia,United Arab Emirates,https://www.next.ae
Asia,United Arab Emirates,https://translate.google.ae
Asia,United Arab Emirates,https://www.hit967.ae
Asia,United Arab Emirates,https://www.cars24.ae
Asia,United Arab Emirates,https://assaf.ae
Asia,United Arab Emirates,https://www.arabwheels.ae
Asia,United Arab Emirates,https://jobs.adnoc.ae
Asia,United Arab Emirates,https://propertymonitor.ae
Asia,United Arab Emirates,https://www.medcare.ae
Asia,United Arab Emirates,https://hafilatbalancecheck.ae
Asia,United Arab Emirates,https://www.mediclinic.ae
Asia,United Arab Emirates,https://columbia.ae
Asia,United Arab Emirates,https://www.emiratesrc.ae
Asia,United Arab Emirates,https://dls.rta.ae
Asia,United Arab Emirates,https://www.groupon.ae
Asia,United Arab Emirates,https://www.juniorcouture.ae
Asia,United Arab Emirates,https://www.michaelkors.ae
Asia,United Arab Emirates,https://membership.fazaa.ae
Asia,United Arab Emirates,https://businessonline1.emiratesislamic.ae
Asia,United Arab Emirates,https://sarabic.ae
Asia,United Arab Emirates,https://www.zigwheels.ae
Asia,United Arab Emirates,https://darb.qmobility.ae
Asia,United Arab Emirates,https://www.wasl.ae
Asia,United Arab Emirates,https://one.ekfccloud.ae
Asia,United Arab Emirates,https://bounce.ae
Asia,United Arab Emirates,https://bloomingdales.ae
Asia,United Arab Emirates,https://careers.ega.ae
Asia,United Arab Emirates,https://nsecure.nnhs.ae
Asia,United Arab Emirates,https://eportal.hfza.ae
Asia,United Arab Emirates,https://portal.shams.ae
Asia,United Arab Emirates,https://ae97.tribalwars.ae
Asia,United Arab Emirates,https://payit.ae
Asia,United Arab Emirates,https://www.velora.ae
Asia,United Arab Emirates,https://www.dubaivacancy.ae
Asia,United Arab Emirates,https://eselfservice.target.ae
Asia,United Arab Emirates,https://vls.rta.ae
Asia,United Arab Emirates,https://www.volunteers.ae
Asia,United Arab Emirates,https://www.damaninsurance.ae
Asia,United Arab Emirates,https://www.starcinemas.ae
Asia,United Arab Emirates,https://www.fruugo.ae
Asia,United Arab Emirates,https://www.emiratesislamic.ae
Asia,United Arab Emirates,https://makeup.ae
Asia,United Arab Emirates,https://aec1.tribalwars.ae
Asia,United Arab Emirates,https://www.lexus.ae
Asia,United Arab Emirates,https://one.esm.ae
Asia,United Arab Emirates,https://www.salik.ae
Asia,United Arab Emirates,https://booking.nmc.ae
Asia,United Arab Emirates,https://dubaicareers.ae
Asia,United Arab Emirates,https://giordano.ae
Asia,United Arab Emirates,https://www.dfm.ae
Asia,United Arab Emirates,https://utua.ae
Asia,United Arab Emirates,https://roofsealing.ae
Asia,United Arab Emirates,https://marketwatch.dfm.ae
Asia,United Arab Emirates,https://myperfumes.ae
Asia,United Arab Emirates,https://www.paisabazaar.ae
Asia,United Arab Emirates,https://careers.edgegroup.ae
Asia,United Arab Emirates,https://decathlon.ae
Asia,United Arab Emirates,https://www.emiratespost.ae
Asia,United Arab Emirates,https://www.bathandbodyworks.ae
Asia,United Arab Emirates,https://www.adib.ae
Asia,United Arab Emirates,https://jasp.ae
Asia,United Arab Emirates,https://app.atlp.ae
Asia,United Arab Emirates,https://ssmc.ae
Asia,United Arab Emirates,https://online.trakhees.ae
Asia,United Arab Emirates,https://watches.ae
Asia,United Arab Emirates,https://my.tasjeel.ae
Asia,United Arab Emirates,https://pakistanconsulatedubai.ae
Asia,United Arab Emirates,https://www.virginmobile.ae
Asia,United Arab Emirates,https://www.policybazaar.ae
Asia,United Arab Emirates,https://imcrm.alfred.ae
Asia,United Arab Emirates,https://luck88.ae
Asia,United Arab Emirates,https://2gis.ae
Asia,United Arab Emirates,https://www.sharjahairport.ae
Asia,Malaysia,https://tv3.nontondrama.my
Asia,Malaysia,https://www.mudah.my
Asia,Malaysia,https://tv4.nontondrama.my
Asia,Malaysia,https://naasongs.my
Asia,Malaysia,https://www.foodpanda.my
Asia,Malaysia,https://ecentral.my
Asia,Malaysia,https://bjak.my
Asia,Malaysia,https://www.jtexpress.my
Asia,Malaysia,https://www.waktusolat.my
Asia,Malaysia,https://www.myspike.my
Asia,Malaysia,https://radioonline.my
Asia,Malaysia,https://kinokrad.my
Asia,Malaysia,https://www.icover.my
Asia,Malaysia,https://kimcilonlyofc.my
Asia,Malaysia,https://cx.remedi.my
Asia,Malaysia,https://app.smap.my
Asia,Malaysia,https://www.tracking.my
Asia,Malaysia,https://www.redbus.my
Asia,Malaysia,https://elearning.usm.my
Asia,Malaysia,https://desiremovies.my
Asia,Malaysia,https://kissasiantv.my
Asia,Malaysia,https://www.carlist.my
Asia,Malaysia,https://new2.moviesdrives.my
Asia,Malaysia,https://www.livenation.my
Asia,Malaysia,https://www.carsome.my
Asia,Malaysia,https://www.carbase.my
Asia,Malaysia,https://www.dtims.intan.my
Asia,Malaysia,https://app.castclinic.my
Asia,Malaysia,https://uniklinik.remedi.my
Asia,Malaysia,https://permai-cx.remedi.my
Asia,Malaysia,https://www.amway.my
Asia,Malaysia,https://eleap.unimas.my
Asia,Malaysia,https://www.businesslist.my
Asia,Malaysia,https://kk8.my
Asia,Malaysia,https://shop.garena.my
Asia,Malaysia,https://www.dyson.my
Asia,Malaysia,https://m.88vv.my
Asia,Malaysia,https://www.magnum4d.my
Asia,Malaysia,https://upuonlinee.my
Asia,Malaysia,https://jaccess.jclonline.my
Asia,Malaysia,https://login.dims.my
Asia,Malaysia,https://hdhubs.my
Asia,Malaysia,https://ukmfolio.ukm.my
Asia,Malaysia,https://lgopro99-alt8.my
Asia,Malaysia,https://macanasia88hebat.my
Asia,Malaysia,https://klinikanda.remedi.my
Asia,Malaysia,https://auth.digitalid.unifi.my
Asia,Malaysia,https://www.cargomove.my
Asia,Malaysia,https://www.maukerja.my
Asia,Malaysia,https://www.jdsports.my
Asia,Malaysia,https://www.buletintv3.my
Asia,Malaysia,https://uncutmaal.my
Asia,Malaysia,https://pbsc-mitra.my
Asia,Malaysia,https://admin.shoppego.my
Asia,Malaysia,https://www.isaham.my
Asia,Malaysia,https://www.courtsite.my
Asia,Malaysia,https://abs5-my3.abssoftware.my
Asia,Malaysia,https://www.imelc.my
Asia,Malaysia,https://callcenter.carfix.my
Asia,Malaysia,https://b2c-cms.carsome.my
Asia,Malaysia,https://e-cuti.usm.my
Asia,Malaysia,https://bidonline.my
Asia,Malaysia,https://nat5.sqa.my
Asia,Malaysia,https://abs5-my5.abssoftware.my
Asia,Malaysia,https://www.mahir.nadi.my
Asia,Malaysia,https://www.tilljannah.my
Asia,Malaysia,https://www.atome.my
Asia,Malaysia,https://cataz.my
Asia,Malaysia,https://ttracing.my
Asia,Malaysia,https://www.nitori.my
Asia,Malaysia,https://www.biorich.my
Asia,Malaysia,https://gta78.my
Asia,Malaysia,https://fos.limitless.my
Asia,Malaysia,https://www.oasisfloral.my
Asia,Malaysia,https://eticketing.my
Asia,Malaysia,https://www.ricebowl.my
Asia,Malaysia,https://campusonline.usm.my
Asia,Malaysia,https://www.unitar.my
Asia,Malaysia,https://www.surah.my
Asia,Malaysia,https://payroll.my
Asia,Malaysia,https://www.qsmart.my
Asia,Malaysia,https://amanz.my
Asia,Malaysia,https://admission.usm.my
Asia,Malaysia,https://gogoanimez.my
Asia,Malaysia,https://prestasiplus.my
Asia,Malaysia,https://eyemuse.my
Asia,Malaysia,https://yescrm.yes.my
Asia,Malaysia,https://medisinar.castclinic.my
Asia,Malaysia,https://www.smartplate.my
Asia,Malaysia,https://solat.my
Asia,Malaysia,https://app.senangpay.my
Asia,Malaysia,https://thesun.my
Asia,Malaysia,https://www.flowerchimp.my
Asia,Malaysia,https://motorcloud.my
Asia,Malaysia,https://danaxpress.my
Asia,Malaysia,https://invait.my
Asia,Malaysia,https://center.collectco.my
Asia,Malaysia,https://frdl.my
Asia,Malaysia,https://ai.mudah.my
Asia,Malaysia,https://www.tmt.my
Asia,Philippines,https://lp.ptgaming.ph
Asia,Philippines,https://moviebox.ph
Asia,Philippines,https://www.ptgaming.ph
Asia,Philippines,https://www.onlinejobs.ph
Asia,Philippines,https://g777.ph
Asia,Philippines,https://www.workabroad.ph
Asia,Philippines,https://bet88.ph
Asia,Philippines,https://gzone.ph
Asia,Philippines,https://sportsplus.ph
Asia,Philippines,https://s.shopee.ph
Asia,Philippines,https://redecanais.ph
Asia,Philippines,https://checkouts.maya.ph
Asia,Philippines,https://philnews.ph
Asia,Philippines,https://pnpclearance.ph
Asia,Philippines,https://pornxp.ph
Asia,Philippines,https://www.sportsplus.ph
Asia,Philippines,https://www.espn.ph
Asia,Philippines,https://app.playgzone.ph
Asia,Philippines,https://spx.ph
Asia,Philippines,https://v2.onlinejobs.ph
Asia,Philippines,https://myhub.atp.ph
Asia,Philippines,https://bigbunny.ph
Asia,Philippines,https://dbp-one.dbp.ph
Asia,Philippines,https://portal.skyro.ph
Asia,Philippines,https://my-ess.payroll.ph
Asia,Philippines,https://self-service.psahelpline.ph
Asia,Philippines,https://archive.ph
Asia,Philippines,https://order-now.psahelpline.ph
Asia,Philippines,https://www.g777.ph
Asia,Philippines,https://katorsex.ph
Asia,Philippines,https://moneycat.ph
Asia,Philippines,https://sulasoktv.ph
Asia,Philippines,https://www.foodpanda.ph
Asia,Philippines,https://u.ncash.ph
Asia,Philippines,https://psahelpline.ph
Asia,Philippines,https://pinayflixtv.ph
Asia,Philippines,https://m.slotvip.ph
Asia,Philippines,https://tbonx.ph
Asia,Philippines,https://crs-appointment.psahelpline.ph
Asia,Philippines,https://www.okplay.ph
Asia,Philippines,https://livematch.ph
Asia,Philippines,https://cash-express.ph
Asia,Philippines,https://www.tablegame.ph
Asia,Philippines,https://boardexams.ph
Asia,Philippines,https://www.hannonline.ph
Asia,Philippines,https://www.tableplus.ph
Asia,Philippines,https://winzir.ph
Asia,Philippines,https://www.pba.ph
Asia,Philippines,https://static.playtime.ph
Asia,Philippines,https://www.livenation.ph
Asia,Philippines,https://7spin.ph
Asia,Philippines,https://www.flashscore.ph
Asia,Philippines,https://glife.gzone.ph
Asia,Philippines,https://www.okpanalo.ph
Asia,Philippines,https://www.negosolve.ph
Asia,Philippines,https://www.raket.ph
Asia,Philippines,https://www.coins.ph
Asia,Philippines,https://icv.boq.ph
Asia,Philippines,https://www.homecredit.ph
Asia,Philippines,https://www.pep.ph
Asia,Philippines,https://ms.flashexpress.ph
Asia,Philippines,https://makati.healthcert.ph
Asia,Philippines,https://gofiber.ph
Asia,Philippines,https://agent.billease.ph
Asia,Philippines,https://www.finbro.ph
Asia,Philippines,https://bulsu.heims.ph
Asia,Philippines,https://www.spin.ph
Asia,Philippines,https://nn777nn.ph
Asia,Philippines,https://www.novocare.ph
Asia,Philippines,https://redecanaistv.ph
Asia,Philippines,https://www.businesslist.ph
Asia,Philippines,https://www.vivoglobal.ph
Asia,Philippines,https://www.carousell.ph
Asia,Philippines,https://giftaway.ph
Asia,Philippines,https://www.footlocker.ph
Asia,Philippines,https://deltaexecutr.ph
Asia,Philippines,https://ltfrb-scp.ph
Asia,Philippines,https://luckyspin.jip.ph
Asia,Philippines,https://poeajobs.ph
Asia,Philippines,https://pay.psahelpline.ph
Asia,Philippines,https://gamezone.ph
Asia,Philippines,https://www.king.ph
Asia,Philippines,https://binixo.ph
Asia,Philippines,https://onlinenbiclearance.ph
Asia,Philippines,https://shop.garena.ph
Asia,Philippines,https://online.aub.ph
Asia,Philippines,https://www2.mypayroll.ph
Asia,Philippines,https://dito.ph
Asia,Philippines,https://brainly.ph
Asia,Philippines,https://payment.myeg.ph
Asia,Philippines,https://www.dyson.ph
Asia,Philippines,https://smmarkets.ph
Asia,Philippines,https://www.nissan.ph
Asia,Philippines,https://bibamax.ph
Asia,Philippines,https://happymod.ph
Asia,Philippines,https://cse.ph
Asia,Philippines,https://pjg-appoint.ph
Asia,Philippines,https://crm.asialink.ph
Asia,Philippines,https://imperialappliance.ph
Asia,Philippines,https://jili58.ph
